6194|Abbey Hotel|55.9567428|-3.1799413||
13354|Abbey Inn|55.870554|-3.067961||
3601|Abbey Sanctuary|55.952857|-3.173892||
27097|Abbey Street|55.9567|-3.1689||
40571|Abbey Yard|55.952512|-3.173385|207|Holyrood Palace
6119|Abbeyhill|55.9517911|-3.1736045||
22337|Abbot's House|55.973017|-3.163847||
6202|Abercorn|55.989794|-3.484182||
4968|Abercromby Place|55.9566|-3.1961||
31511|Academy Lane|55.878325|-3.145395||
36809|Academy Street|55.9705|-3.17||
13647|Advocate's Close|55.949931|-3.191355||
1558|Advocates' Library|55.94885|-3.191642||
4556|Agricultural Hall|55.941409|-3.202877||
26142|Agricultural Hall|55.94144|-3.20243|4556|
18374|Ainslie Place|55.953224|-3.21029||
24058|Ainslie Place|55.9531|-3.2098|18374|
39185|Airlie Lodge|55.931676|-3.196573||
2271|Albany Street|55.9573|-3.1911||
12360|Albany Street|55.9577|-3.1889|2271|
35922|Albert Street|55.9625|-3.175||
28005|Albert Terrace|55.9313|-3.2125||
24408|Alfred Place|55.9355|-3.1715||
37616|Almond Bank|55.869407|-3.686631||
12089|Alva Street|55.9503|-3.2106||
3596|Anchor Close|55.950306|-3.189765||
1257|Ann Street|55.9564|-3.213||
29603|Annfield|55.9801|-3.1915||
29846|Archers' Hall|55.941681|-3.184986||
36291|Archers' Hall|55.942153|-3.184536|29846|
1344|Arden House|55.945446|-3.0390881||
442|Argyle Place|55.939|-3.1915||
37855|Arniston House|55.8234|-3.077028||
3944|Arthur Street|55.9652|-3.1776||
759|Arthur's Seat|55.94194|-3.153004|2094|
1202|Arthur's Seat|55.943718|-3.154978|2094|
2094|Arthur's Seat|55.9441043|-3.1618477||
7255|Arthur's Seat|55.942952|-3.160079|2094|
11917|Ashburnham|55.98749|-3.385685||
7366|Ashley Place|55.9698|-3.1849||
450|Assembly Rooms|56.001808|-2.51397||
36327|Astley Ainslie Hospital|55.931032|-3.194456||
15400|Athelstaneford|55.99114|-2.705292||
24339|Atholl Crescent|55.948248|-3.211961||
27017|Atholl Crescent|55.9481|-3.2118|24339|
26075|Auchendinny|55.8464623|-3.1918238||
24245|Auld Hoose|55.9435016|-3.1802683|4453|The Auld Hoose
186|Auld Reekie|55.949428|-3.192704||
1963|Auldhame|56.05391|-2.640719||
31103|Auldhame|56.050286|-2.651625|1963|
37952|Auldhame|56.05259|-2.640585|1963|
36580|Baberton Mains|55.912948|-3.303013||
8245|Bakehouse Close|55.9509|-3.1788||
13709|Bakehouse Close|55.95112|-3.179381|8245|
35180|Balderston Gardens|55.9206|-3.1543||
24215|Balerno|55.8849927|-3.3604206||
1871|Balm Well|55.9028966|-3.1642422||
16118|Balmoral Hotel|55.952653|-3.189613||
7452|Bank Street|55.9495|-3.1927||
13601|Bank Street|55.9498|-3.1929|7452|
13083|Bankhead|55.9234549|-3.3105367||
11644|Bankton|55.953547|-2.951237||
22306|Bankton House|55.952153|-2.970933||
36150|Bannerman's Bar|55.9488373|-3.1866439||
38350|Bara|55.926645|-2.702199||
4193|Barclay Church|55.940415|-3.203455||
12754|Barnbougle Castle|55.99246|-3.33424||
1667|Barnton|55.9588104|-3.2992912||
8798|Barony Street|55.958|-3.1911||
13669|Barringer's Close|55.950523|-3.185928||
2130|Bass Rock|56.076542|-2.640983||
40217|Bath Road|55.9752|-3.1606||
14473|Bath Street|55.9538|-3.1124||
7116|Bathgate|55.901341|-3.635633||
8822|Bathgate|55.907517|-3.644212|7116|
33331|Bavelaw Castle|55.850898|-3.332723||
3588|Baxter's Close|55.949496|-3.193648||
5314|Bay of Bengal|55.9497825|-3.189168||
17423|Beanston|55.97774|-2.722868||
1706|Bedford Street|55.9584|-3.2143||
1659|Beechwood House|55.943947|-3.264409||
21435|Belgrave Place|55.9543|-3.2197||
11330|Belhaven|56.004177|-2.518988||
11992|Belhaven|55.993743|-2.54663|11330|
19598|Belhaven Bay|56.005766|-2.589136||
33333|Bell's Hill|55.8660339|-3.2720954||
13792|Bell's Mills|55.950204|-3.222239||
33309|Bell's Mills|55.9506|-3.2228|13792|
4099|Bell's Wynd|55.949776|-3.188788||
18052|Bellevue Hotel|55.998554|-2.509935||
34138|Bellevue House|55.958708|-3.194348||
27359|Belmont Park|55.9455|-3.253||
13696|Belton|55.984612|-2.578556||
21892|Belton|55.975702|-2.5624||
32590|Beltonford|55.990579|-2.570631||
16332|Ben Doran|55.933468|-3.1734884||
36333|Bennets Bar|55.941711|-3.203271||
13780|Bernard Street|55.9758|-3.1679||
24049|Bernard Street|55.9753|-3.1669||
13531|Bess Wynd|55.949479|-3.191662||
27340|Beulah|55.9452|-3.0393||
21897|Biel|55.9743|-2.606154||
24434|Biel|55.974461|-2.591335||
35326|Biggar Road|55.9013|-3.2043||
1577|Bilston|55.8700782|-3.1823023||
35025|Bilston Glen|55.8707152|-3.1492245||
24428|Birsley Brae|55.9396|-2.978927||
12527|Black Bull Hotel|55.955818|-2.775919|12515|
12515|Black Bull Inn|55.947356|-3.197521|13078|
24602|Black Castle|55.989704|-3.394886||
17771|Black Cat|55.9515814|-3.2036294|31712|The Black Cat
4177|Black Hill|55.8549326|-3.2982874||
21330|Black Loch|55.949628|-2.534207||
1085|Black Turnpike|55.949964|-3.187993||
16334|Black Wood|55.901948|-2.68416||
4725|Blackburn|55.876219|-3.632658||
13635|Blackcastle|55.820626|-2.943202||
8721|Blacket Place|55.9361|-3.1743||
1627|Blackford|55.9258059|-3.1900889||
1578|Blackford Hill|55.923034|-3.19453||
12280|Blackford Hill|55.9230563|-3.1949734|1578|
35581|Blackford Pond|55.9257567|-3.1931161||
24337|Blackfriars Street|55.9497|-3.1859||
10724|Blackhall|55.9575056|-3.2573799||
15580|Blackshiels|55.838141|-2.900897||
8718|Blair Street|55.9492|-3.1876||
12500|Blinkbonny|55.8967238|-3.3009555||
4930|Board School|55.947279|-3.205365||
1308|Boghall|55.8733672|-3.2096192||
17265|Bogside|55.874433|-3.793225||
18358|Bonaly|55.9004232|-3.2590209||
12265|Bonaly Tower|55.8971|-3.25871||
8784|Bonnington|55.9713728|-3.1839339||
30647|Bonnington|56.045827|-2.706033|8784|
8797|Bonnington Road|55.9707|-3.1799||
33001|Bonnyrigg|55.8761405|-3.0879091||
13556|Bore Stane|55.8241723|-3.3689699||
35654|Boroughmuir High School|55.938312|-3.208993||
7015|Borthwick Castle|55.826695|-3.007361||
13615|Borthwick Castle|55.82644|-3.007737|7015|
37847|Borthwick Church|55.825575|-3.009072||
13582|Boswell's Court|55.948784|-3.195644||
1296|Botanic Gardens|55.96203|-3.185319||
34044|Bothwell Bank|55.956929|-2.774964||
6911|Bothwell Castle|55.957386|-2.77515||
15182|Bothwell Street|55.9602|-3.1702||
5346|Bowling Green|55.9734|-3.1782||
24045|Boyd's Entry|55.95|-3.1835||
1630|Braid Hills|55.9135184|-3.2013963||
35471|Braid Hills Hotel|55.916927|-3.212583||
36172|Braid Hills Hotel|55.9170545|-3.2126453|35471|
23583|Braid Hills Road|55.9164|-3.2086||
38762|Braid Law|55.821451|-3.3043823||
22328|Braidwood|55.823139|-3.289952||
36287|Brandon Street|55.9613|-3.2014||
39814|Branxton|55.945517|-2.416757||
17697|Bread Street|55.9458|-3.2038||
13109|Bridge Inn|55.923193|-3.378828||
18789|Bridge Road|55.9073|-3.2579||
10912|Bridge-End|55.81875|-3.702395||
15634|Bridgend|55.926506|-3.16983||
35589|Brighton Place|55.9515|-3.1164||
8670|Brighton Street|55.9464|-3.1892||
24059|Bristo Place|55.9462|-3.1902||
1083|Bristo Port|55.9466|-3.1903||
13549|Bristo Port|55.946431|-3.190927|1083|
7266|British Linen Bank|55.954234|-3.191439||
12473|Broad Law|55.776693|-3.042578||
2381|Broad Wynd|55.9756|-3.1697||
8492|Broomhill|55.8275485|-3.2260438||
19662|Broomhouse|55.9303378|-3.2860661||
35301|Brougham Place|55.9423|-3.2009||
3429|Broughton|55.9614308|-3.1873332||
540|Broughton Place|55.9587|-3.1887||
16282|Broughton Place Church|55.959144|-3.187345||
8592|Broughton Street|55.9578|-3.189||
17886|Broughton Street|55.9566|-3.1876|8592|
1635|Brown's Close|55.9523|-3.1769||
13579|Brown's Court|55.951831|-3.178297||
31333|Brownrigg|56.020061|-2.716503||
33323|Broxburn|55.9339004|-3.484794||
8138|Broxmouth|55.988519|-2.480662||
17471|Brunstane|55.940965|-3.091336||
37899|Brunstane|55.941138|-3.084969|17471|
29740|Brunswick Street|55.960376|-3.179822||
37712|Brunswick Street|55.961|-3.1812|29740|
1666|Bruntsfield|55.9366176|-3.2073772||
35960|Bruntsfield Avenue|55.9366|-3.2095||
35284|Bruntsfield Hotel|55.9381717|-3.2059291||
1593|Bruntsfield House|55.936555|-3.199349||
216|Bruntsfield Links|55.9409752|-3.1985839||
35286|Bruntsfield Place|55.9384|-3.2052||
35515|Bruntsfield Place|55.9389|-3.2049|35286|
35584|Bruntsfield Place|55.9361|-3.2091|35286|
24087|Buccleuch Parish Church|55.943877|-3.185549||
8657|Buccleuch Place|55.9429|-3.1865||
8750|Buccleuch Street|55.9425|-3.1843||
8814|Buccleuch Street|55.892696|-3.0718|8750|
38083|Buckingham Terrace|55.95508|-3.218885||
498|Buckstone|55.9099122|-3.2113993||
36128|Buckstone Snab|55.9127712|-3.2038639||
13144|Burgh Muir|55.935023|-3.218111||
30456|Burgh School|55.94826|-3.118556||
35959|Burlington Bertie|55.942211|-3.2027507||
35862|Burlington Street|55.9718|-3.1783||
4847|Burns Monument|55.9534904|-3.1782952||
14553|Burns Street|55.9686|-3.1649||
35974|Bush House|55.8594026|-3.2070836||
35834|Cables Wynd House|55.9744754|-3.1732061||
1710|Cafe Royal|55.95385|-3.190459||
37215|Caftell of Edinburgh|55.94867|-3.200924|948|Edinburgh Castle
21332|Calder Bank|55.893399|-3.477733||
16265|Calder House|55.889602|-3.4847707||
24216|Calder Park|55.9199|-3.2948||
2444|Caledonia Hotel|55.823452|-3.716441||
35353|Caledonian Brewery|55.935591|-3.231464||
7761|Caledonian Hotel|55.949481|-3.207163||
36578|Caledonian Place|55.9433|-3.2181||
1624|Calton|55.9561687|-3.1744939||
188|Calton Hill|55.9556726|-3.1824089||
35665|Calton Road|55.9527|-3.1809||
36583|Calton Road|55.9541|-3.1873|35665|
17716|Cambridge Street|55.9478|-3.205||
20148|Camera Obscura|55.9489631|-3.195567||
1341|Cameron House|55.9328829|-3.1583611||
35583|Cameron Toll|55.929|-3.1611||
35612|Cameron Toll|55.9292|-3.1613|35583|
35837|Cammo|55.9605801|-3.3116754||
33335|Canaan Lane|55.9294|-3.2035||
1611|Candlemaker Row|55.946951|-3.192865||
9505|Candlemaker Row|55.9474|-3.1922|1611|
13510|Cannongate|55.9528675|-3.1753186|564|Canongate
35332|Canny Man's|55.927573|-3.209138||
6299|Canon Gate|55.9515|-3.1793|564|Canongate
24109|Canon Gate|55.9523547|-3.1761031|564|Canongate
5235|Canon Street|55.962|-3.1984||
40084|Canon's Gate|55.9523547|-3.1761031|564|Canongate
206|Canongate|55.9515|-3.1793|564|
564|Canongate|55.9523547|-3.1761031||
12724|Canongate Churchyard|55.951713|-3.179895||
13843|Canongate Kilwinning Lodge|55.950722|-3.181482||
13525|Canongate Kirk|55.951711|-3.1793482||
2458|Canongate Tolbooth|55.951472|-3.179895||
1497|Canonmills|55.9625|-3.1982||
30243|Canonmills|55.9624048|-3.1988622|1497|
8980|Cant's Close|55.950066|-3.186715||
22273|Canty Bay|56.057408|-2.665667||
36352|Captain's Bar|55.9470479|-3.1864939||
1068|Carberry|55.9179514|-3.0268543||
13679|Cardinal Beaton's House|55.94909|-3.185404||
12298|Carfrae|55.918054|-2.67686||
18389|Carlton Terrace|55.9561|-3.1732||
13928|Caroline Park|55.9814088|-3.2407715||
36408|Carrick Knowe|55.9351853|-3.2813326||
35808|Carrington|55.8335271|-3.0902295||
25084|Castell of Edinburgh|55.94867|-3.200924|948|Edinburgh Castle
40573|Castell of Edinburgh|55.948645|-3.200732|948|Edinburgh Castle
3581|Castle Hill|55.9489|-3.1954|8465|Castlehill
20868|Castle Park|55.862271|-3.086252||
21279|Castle Park|55.9407951|-3.2093321|20868|
13581|Castle Road|55.958178|-3.455885||
35358|Castle Rock|55.94867|-3.200924|948|Edinburgh Castle
35763|Castle Rock|55.948645|-3.200732|948|Edinburgh Castle
17456|Castle Steads|55.914251|-3.058459||
223|Castle Street|55.9521|-3.2033||
1453|Castle Terrace|55.9468801|-3.2026112||
24115|Castle Terrace|55.9479|-3.204|1453|
8465|Castlehill|55.9489|-3.1954||
33304|Castlelaw Hill|55.8697455|-3.2400604||
17957|Cat Nick|55.9461471|-3.1742836||
544|Cauldhame Farm|55.961776|-3.583041||
24254|Cauldshiel|55.884692|-2.814753||
19258|Causewayend|55.834437|-3.458522||
12107|Causewayside|55.9379|-3.1811||
36538|Central Bar|55.9702845|-3.1717442||
36095|Chamberlain Road|55.9343|-3.2078||
14135|Chambers Street|55.9474|-3.1899||
21583|Chambers Street|55.9478|-3.188|14135|
2450|Chapel Royal|55.953068|-3.171544||
8413|Chapel Royal|55.952545|-3.171737|2450|
13764|Chapel Street|55.9443|-3.1858||
11697|Charity Workhouse|55.946154|-3.191655||
5111|Charles Street|55.9447|-3.1878||
24077|Charlotte Chapel|55.951105|-3.205532||
2222|Charlotte Square|55.9522329|-3.2070063||
7259|Chester Street|55.9497|-3.2166||
38646|China Town|55.947589|-3.213516||
35356|Chuckie Pend|55.9461|-3.2066||
23988|Church Hill|55.9324|-3.2069||
35437|Church Hill Place|55.9321|-3.2095||
18624|Church of the Sacred Heart|55.945133|-3.20152||
35099|Church of the Sacred Heart|55.975347|-3.299341|18624|
35786|Churchill Theatre|55.9324909|-3.2097087||
35779|Circus Lane|55.9581|-3.2049||
35575|Circus Place|55.957|-3.2045||
15077|City Bank|55.95537|-2.778585||
8385|City Chambers|55.950282|-3.190357||
33746|City Hospital|55.915639|-3.224703||
32051|Claremont Crescent|55.9637|-3.1918||
24227|Clarence Street|55.9592|-3.2059||
21404|Clarendon Crescent|55.954711|-3.21535||
8759|Clerk Street|55.9423|-3.1823||
30458|Clerkington Mains|55.941896|-2.794917||
22159|Clermiston|55.9537553|-3.2976114||
7360|Clifton Villa|55.974069|-3.176073||
13778|Coalhill|55.9749|-3.1731||
32187|Coates|55.832736|-3.24812||
18361|Coates Crescent|55.9487|-3.2124||
24069|Coates Crescent|55.948495|-3.212433|18361|
13536|Coatfield Lane|55.9727|-3.1694||
32679|Cockburn House|55.871707|-3.364041||
6986|Cockburn Street|55.9506|-3.1898||
1678|Colinton|55.908095|-3.253874||
25788|Colinton House|55.910124|-3.252141||
27926|Colinton House|55.909551|-3.252858|25788|
35247|Colinton Road|55.9334|-3.2122||
35463|Colinton Road|55.9081|-3.2533|35247|
35542|Colinton Road|55.9119|-3.2469|35247|
36210|Colinton Road|55.9248|-3.2351|35247|
6997|College Wynd|55.9485|-3.1882||
13737|Collegiate Church of St Mary in the Fields|55.947276|-3.187591||
4440|Comely Bank|55.9596268|-3.2188497||
12039|Comely Bank|55.9586|-3.2246|4440|
24079|Comely Bank|55.9591|-3.2225|4440|
35420|Comely Bank Avenue|55.9577|-3.2174||
13598|Comiston|55.9209851|-3.2140782||
13875|Commercial Bank of Scotland|55.956091|-3.186259||
28983|Commercial Hotel|55.955588|-2.776795||
8847|Commercial Inn|55.851787|-3.569731||
26395|Commercial Street|55.9763|-3.1699||
32933|Commercial Street|55.9773|-3.1752|26395|
28942|Concert Room|55.947732|-3.186484||
22261|Congalton|56.010714|-2.729209||
13783|Constitution Street|55.9729|-3.1685||
35859|Constitution Street|55.9761|-3.1661|13783|
36528|Constitution Street|55.9736|-3.1679|13783|
257|Corstorphine|55.9446703|-3.2817379||
1641|Corstorphine Hill|55.9534686|-3.2733947||
4430|Corstorphine Hill|55.952339|-3.282715|1641|
35451|Corstorphine Road|55.942|-3.2688||
2178|County Buildings|55.976428|-3.600771||
7978|County Buildings|55.95513|-2.780934||
14597|County Hotel|55.8950603|-3.0682938||
13542|Couper Street|55.976749|-3.177757||
21570|Court Street|55.955612|-2.778702||
13804|Cousland|55.900971|-3.009125||
555|Cowgate|55.9487|-3.1876||
1079|Cowgate|55.948|-3.1927|555|
40648|Cowgate-Port|55.94923|-3.183168||
34206|Craig House|55.9227182|-3.2281566||
10461|Craig's Close|55.949945|-3.189914||
21149|Craigcrook Castle|55.9548805|-3.2658189||
35462|Craiglea Drive|55.9213|-3.2162||
36251|Craigleith Road|55.9571|-3.2344||
16197|Craiglockhart|55.919077|-3.2453571||
1105|Craigmillar|55.9337616|-3.1381701||
3571|Craigmillar Castle|55.9256551|-3.1407527||
1619|Cramond|55.9705707|-3.3065489||
4447|Cramond Bridge|55.964429|-3.317991||
31158|Cramond Bridge|55.964098|-3.317868|4447|
8962|Cramond Brig|55.9652866|-3.3173288|4447|Cramond Bridge
4182|Cramond Island|55.994752|-3.291174||
36483|Cramond Island|55.99324|-3.289681|4182|
24071|Cranston Street|55.9511|-3.1841||
727|Crichton|55.83847|-2.959602||
7016|Crichton|55.833146|-2.951009|727|
3723|Crichton Castle|55.839474|-2.991563||
24086|Crichton Street|55.9446|-3.187||
5713|Croft-An-Righ|55.9545|-3.1715||
18784|Cross Keys Hotel|55.89549|-3.067719||
6577|Crown Hotel|55.986065|-2.656202||
34351|Crown Office|55.947599|-3.190066||
3574|Crown Room|55.948182|-3.199372||
35658|Cuckoo's Nest|55.9421758|-3.2031848||
35240|Cumberland Bar|55.9589954|-3.1970753||
1675|Cumberland Street|55.9586|-3.2||
18477|Currie|55.8952992|-3.3174933||
31058|Customs House|55.9770483|-3.1712444||
7013|Dalhousie Castle|55.866645|-3.078257||
7462|Dalhousie Castle|55.862379|-3.09132||
19938|Dalhousie Castle|55.861751|-3.081029|7013|
37027|Dalhousie Mains|55.873935|-3.079961||
1101|Dalkeith|55.8943342|-3.0713975||
13445|Dalkeith House|55.8993743|-3.0679||
7130|Dalkeith Road|55.9391|-3.1749||
12284|Dalkeith Road|55.9339|-3.1669|7130|
35604|Dalkeith Road|55.9347|-3.1681|7130|
2246|Dalmeny|55.9820556|-3.3744684||
13447|Dalmeny House|55.987934|-3.3351956||
38116|Dalmeny Park|55.9974045|-3.3555944||
35377|Dalry|55.940921|-3.2243207||
35122|Dalry Road|55.9427|-3.2213||
12506|Damhead|55.8771273|-3.1946047||
527|Danube Street|55.9568|-3.212||
14932|Darnaway Street|55.9546|-3.2067||
3730|David's Tower|55.948309|-3.199216||
8588|Davidson's Mains|55.9659948|-3.2789422||
24078|Davie Street|55.9453|-3.1831||
35745|De Niro|55.9768212|-3.1696962||
35854|Deacon Brodie's Tavern|55.9495501|-3.1929479||
254|Dean Cemetery|55.950909|-3.222725||
26275|Dean Gardens|55.954213|-3.212948||
38153|Dean Park Crescent|55.9555|-3.2168||
17976|Dean Street|55.9581|-3.2122||
24075|Dean Terrace|55.9571|-3.2101||
24072|Deanhaugh Street|55.9583|-3.2094||
1137|Dechmont|55.920625|-3.540907||
34837|Devil's Advocate|55.9503667|-3.1916879||
8737|Dick Place|55.9338|-3.1863||
13674|Dickson's Close|55.949259|-3.18653||
20366|Dining Hall|55.928262|-3.200392||
30464|Dirleton Castle|56.046077|-2.780845||
7883|District Court|55.977598|-3.600659||
27368|Dock Street|55.9767|-3.1742||
7526|Dominican Convent|55.937316|-3.185685||
8544|Dominican Monastery|55.975533|-3.603987||
35802|Dominion Cinema|55.930791|-3.208933||
19596|Doon Hill|55.971622|-2.508827||
14469|DouglCrescent|55.949515|-3.221929||
7204|DouglHotel|55.954635|-3.191852||
3715|DouglHouse|55.951187|-3.220957||
17900|Doune Terrace|55.9562|-3.2086||
35768|Doune Terrace|55.9561|-3.2087|17900|
13202|Dowie's Tavern|55.948661|-3.192597||
6956|Dreadnought Hotel|55.900528|-3.642668||
12069|Dreghorn|55.894086|-3.232499||
21514|Dreghorn|55.896012|-3.237565|12069|
15596|Dreghorn Castle|55.900021|-3.244554||
33301|Dreghorn Castle|55.904739|-3.240035||
13901|Drem|56.005296|-2.786212||
17130|Drem|56.007433|-2.780738|13901|
35682|Drouthy Neebors|55.9391104|-3.1816846||
7907|Drummond Place|55.9582|-3.195||
8852|Drummond Place|55.958565|-3.195176|7907|
8732|Drummond Street|55.9478|-3.1841||
4432|Drumsheugh Gardens|55.9511806|-3.2159617||
1151|Drylaw|55.9628377|-3.2540411||
36053|Dublin Street|55.9571|-3.1936||
1680|Duddingston|55.9440662|-3.1371653||
7129|Duddingston Loch|55.9410761|-3.1502924||
243|Duddingstone|55.9420116|-3.1506163|1680|Duddingston
3952|Duddingstone Loch|55.9410761|-3.1502924|7129|Duddingston Loch
35925|Dugald Stewart Monument|55.9545583|-3.1845549||
6915|Duke Street|55.9699|-3.1694||
901|Duke's Head|55.9701199|-3.1699843||
7457|Duke's Walk|55.9539|-3.1591||
8597|Dumbiedykes|55.9472686|-3.178441||
24436|Dunbar Castle|56.005838|-2.517151||
17770|Dunbar Street|55.9441|-3.2049||
3595|Dunbar's Close|55.951718|-3.17879||
15046|Duncan Street|55.9352|-3.1776||
35319|Duncan's Land|55.957203|-3.207756||
37854|DundCastle|55.9750047|-3.4151396||
15043|DundStreet|55.9576|-3.1995||
35303|DundStreet|55.96|-3.2007|15043|
35256|Dundonald Street|55.9592|-3.1969||
764|Dunedin|55.949428|-3.192704||
1878|Dunglass|55.938675|-2.376166||
18017|Dunglass House|55.945703|-2.381486||
8821|East Calder|55.8947272|-3.4630602||
36238|East Castle Road|55.9356|-3.2157||
35770|East Claremont Street|55.9631|-3.1914||
36569|East Fortune|56.007614|-2.709217||
36064|East Fortune Airfield|55.984023|-2.740647||
13541|East Kirk|55.895454|-3.068821||
2118|East Linton|55.986292|-2.655837||
38034|East Linton|55.980143|-2.66639|2118|
19640|East Mains|55.929389|-2.824894||
35667|East Market Street|55.9515|-3.1853||
6253|East Mayfield|55.9344|-3.1714||
36166|East Preston Street|55.9394|-3.1775||
36328|East Preston Street|55.9393|-3.178||
1475|East Princes Street Gardens|55.9509254|-3.1948147||
24694|Edgelaw|55.816307|-3.131396||
587|Edina|55.949428|-3.192704||
2347|Edinboro|55.949428|-3.192704||
14158|Edinbrugh|55.949428|-3.192704||
14136|Edinbrughe|55.949428|-3.192704||
2170|Edinburg|55.949428|-3.192704||
91|Edinburgh|55.949428|-3.192704||
694|Edinburgh Academy|55.960711|-3.205462||
2861|Edinburgh Academy|55.960699|-3.20394|694|
18377|Edinburgh Academy|55.960784|-3.204455|694|
18503|Edinburgh Academy|55.960148|-3.205156|694|
26272|Edinburgh Academy|55.961226|-3.205174|694|
35272|Edinburgh Airport|55.9500318|-3.3725551||
948|Edinburgh Castle|55.94867|-3.200924||
2133|Edinburgh Castle|55.948645|-3.200732|948|
12200|Edinburgh Road|55.9452|-3.0727||
19080|Edinburgh Road|55.9444|-3.0691|12200|
36275|Edinburgh Zoo|55.942162|-3.269346||
14251|Edinburghe|55.949428|-3.192704||
13796|Edynburgh|55.949428|-3.192704||
8761|Elder Street|55.9555|-3.1904||
35310|Elephant House|55.947506|-3.1919756|36153|The Elephant House
13515|Elphinstone Tower|55.916961|-2.988629||
12189|Embra|55.949428|-3.192704||
714|Embro|55.949428|-3.192704||
14934|Engineering Works|55.933092|-3.461683||
21284|Eskbank|55.8892446|-3.0802664||
12101|Eton Terrace|55.9544|-3.2134||
35774|Eton Terrace|55.954174|-3.213315|12101|
36348|Ettrick Road|55.9337|-3.2204||
36344|Eyre Crescent|55.9614|-3.1989||
14123|Fairmilehead|55.9026375|-3.2069106||
15456|Falcon Court|55.9286|-3.2073||
34932|Fauldhouse|55.827675|-3.706776||
24467|Fenton Barns|56.024976|-2.780034||
35848|Ferry Road|55.9743|-3.186||
36447|Ferry Road|55.9742|-3.1872|35848|
36513|Ferry Road|55.9668|-3.2518|35848|
35531|Festival Theatre|55.9462549|-3.1868892||
26274|Fettes College|55.964576|-3.222676||
30182|Fettes College|55.963956|-3.226293|26274|
13628|Fettes Row|55.9593|-3.2002||
27894|Fettes Row|55.9594|-3.2|13628|
35651|Figgate Park|55.9502104|-3.1207437||
36343|Findhorn Place|55.9337|-3.1801||
36372|Fingal Place|55.9395|-3.1908||
189|Firth of Forth|56.058|-3.0198||
13610|Fisher's Close|55.949183|-3.193478||
3861|Fisher's Tryst|55.8492587|-3.2007984||
16175|Fisher's Tryst|55.848978|-3.200659|3861|
1492|Fisherrow|55.943854|-3.059875||
26820|Fishwives' Causeway|55.9546|-3.1268||
8648|Fleshmarket|55.957466|-2.776753||
36175|Flotterstone Inn|55.8546668|-3.2250125||
36140|Forbes Road|55.9355|-3.2075||
8725|Forres Street|55.9538|-3.2078||
6258|Forrest Road|55.9458|-3.1911||
8677|Forrest Road|55.9454|-3.1909|6258|
247|Forth|56.054591|-3.718683||
29820|Forth Street|55.9578|-3.1874||
36114|Forth Yacht Club|55.94512|-3.064185||
8633|Fountain Close|55.950351|-3.185122||
17694|Fountain Court|55.9529277|-3.2049305||
28771|Fountain Court|55.9435627|-3.2111942|17694|
35354|Fountainbridge|55.9423142|-3.210803||
12005|Fountainhall|55.898259|-2.920729||
13548|Fountainhall|55.898668|-2.920019|12005|
16837|Fountainhall|55.898213|-2.920856|12005|
17949|Fountainhall|55.899093|-2.918574|12005|
37024|Fountainhall|55.898386|-2.920477|12005|
37955|Fountainhall|55.898174|-2.917705|12005|
551|Frederick Street|55.9529|-3.2004||
7004|Frederick Street|55.954238|-3.201257|551|
9525|Frederick Street|55.9515|-3.1995|551|
4696|Freemasons' Hall|55.952276|-3.202478||
20856|Fulford|55.867963|-3.21454||
26620|Gaelic Chapel|55.947836|-3.188729||
14339|Gaiety Theatre|55.948262|-3.187461||
25375|Galloway's Close|55.9524|-3.176072||
39144|Garden Terrace|55.9681|-3.283||
17411|Garvald|55.930686|-2.653777||
9959|Gayfield Square|55.9592164|-3.1859645||
13838|General Register House|55.953707|-3.189293||
1205|George Hotel|55.9538896|-3.1964354|1214|The George Hotel
2462|George Hotel|55.954151|-3.196338|1214|The George Hotel
21282|George Iv Bridge|55.9479|-3.1918||
35287|George Iv Bridge|55.9483|-3.192|21282|
35460|George Iv Bridge|55.94927|-3.192856|21282|
1206|George Square|55.9442|-3.1893||
3621|George Square|55.943878|-3.190096|1206|
8675|George Square|55.943389|-3.189553|1206|
36290|George Square Gardens|55.9438416|-3.1903329||
36126|George Square Lecture Theatre|55.9430417|-3.1880819||
40100|George Street|55.9531|-3.2003||
1631|Gibb's Close|55.950561|-3.183239||
4138|Gifford Park|55.942|-3.1831||
13876|Giles Street|55.9734|-3.1722||
5187|Gillespie's Hospital|55.940094|-3.204982||
3974|Gilmerton|55.9061733|-3.1350085||
35182|Gilmerton Road|55.9132|-3.1464||
6260|Gilmore Place|55.9413|-3.208||
36457|Gilmore Place|55.9392|-3.2132|6260|
1127|Gladhouse|55.7782|-3.116596||
6244|Gladstone Terrace|55.9387|-3.1853||
13597|Gladstone's Land|55.949477|-3.193759||
2253|Glasgow Road|55.9422|-3.2968||
19132|Glebe Road|55.9422|-3.2829||
19087|Glencairn Crescent|55.95093|-3.218787||
12437|Glencorse|55.8554146|-3.1912281||
33305|Glencorse Kirk|55.8508109|-3.2048318||
12271|Glencorse Reservoir|55.8632911|-3.2541424||
1941|Glenesk|55.85802|-3.077091||
35265|GlenfinlStreet|55.9524|-3.2091||
35560|Glengyle Terrace|55.9409|-3.2022||
36213|Gloucester Lane|55.9556|-3.2069||
15076|Gloucester Place|55.9566|-3.2069||
30577|Gloucester Square|55.9558|-3.2074||
23658|Gloucester Street|55.957|-3.2078||
14256|Gogar|55.938563|-3.336052||
16294|Gogar|55.938353|-3.33795|14256|
38892|Golden Dragon|55.9519091|-3.2029223||
23707|Golden Rule|55.9390679|-3.2188177||
35787|Golf Hotel|56.0352|-2.831114||
13720|Golfer's Land|55.95223|-3.176948||
993|Gordon Arms|55.9516823|-3.2039774||
14436|Gordon Bank|55.87955|-3.112327||
18790|Gordon Street|55.9682|-3.1703||
35788|Gordon Terrace|55.9242|-3.1675||
33439|Gorebridge|55.843548|-3.0478409||
1671|Gorgie|55.93574|-3.2414663||
35550|Gorgie Road|55.938|-3.2317||
35923|Gorgie Road|55.9323|-3.249|35550|
1960|Gosford|55.998517|-2.885||
13717|Gosford House|55.97922|-2.88948||
17959|Gosford House|55.9986|-2.869562|13717|
21896|Gosford House|55.998715|-2.874776|13717|
13555|Governor's House|55.9531365|-3.1852817||
36543|Gracemount|55.9040411|-3.1501108||
8920|Graham Street|55.9725|-3.1864||
12740|Grange|55.991417|-3.604196||
13822|Grange House|55.977872|-3.202919||
12085|Grange Loan|55.9319|-3.1846||
36185|Grange Road|55.9363|-3.1848||
211|Granton|55.9785756|-3.2250203||
12076|Granton Harbour|55.984299|-3.222737||
214|Grassmarket|55.9474|-3.196||
1084|Grassmarket|55.946734|-3.19771|214|
2382|Grassmarket|55.947546|-3.196406|214|
12015|Gray's Mill|55.925|-3.255277||
35191|Great Junction Street|55.9706|-3.1717||
36571|Great Junction Street|55.9751|-3.1787|35191|
8851|Great King Street|55.9578|-3.1996||
24073|Great Stuart Street|55.9529|-3.2106||
19949|Green Castle|55.882528|-2.670071||
11656|Green Mantle|55.943894|-3.183804||
17917|Green Street|55.9616|-3.1885||
13578|Greenbank|55.9158297|-3.218674||
5821|Greenlaw|55.897965|-2.814456||
13487|Grey Horse|55.9332168|-3.1662616||
1093|Greyfriars|55.9468|-3.1914||
35131|Greyfriars Bobby|55.9468969|-3.1912784||
239|Greyfriars Church|55.9466769|-3.1926782|4194|Greyfriars Kirk
4194|Greyfriars Kirk|55.9466769|-3.1926782||
39493|Grosvenor Crescent|55.9478|-3.2186||
27923|Grosvenor Gardens|55.9467|-3.22||
15295|Grosvenor Street|55.9469|-3.2174||
1586|Guard Room|55.952601|-3.173452||
24066|Guthrie Street|55.9482|-3.1882||
35893|Gyle|55.9346905|-3.3033029||
1685|Habbie's Howe|55.842957|-3.300606||
1104|Haddington|55.952639|-2.800838||
1879|Haddington|55.947523|-2.786161|1104|
8221|Haddington|55.956506|-2.786343|1104|
13472|Hailes|55.966066|-2.690418||
2117|Hailes Castle|55.973222|-2.683287||
24435|Hailes Castle|55.973152|-2.682981|2117|
33738|Halfway House|55.9789603|-3.1865433||
17921|Hallyards|55.9479337|-3.3993461||
35782|Hamilton and Inches|55.952919|-3.201985||
35662|Hamilton Drive|55.9495|-3.1246||
26276|Hamilton House|55.947019|-3.240954||
31548|Hamilton Park|55.9495|-3.1265||
22929|Hamilton Place|55.9589|-3.2076||
35661|Hamilton Terrace|55.9493|-3.1214||
1674|Hanover Street|55.9535|-3.1973||
9360|Harelaw|55.979342|-2.881245||
251|Harmony House|55.930155|-3.204209||
36186|Harrison Gardens|55.9343|-3.2281||
37878|Harvieston House|55.832364|-3.040907||
17544|Hatton House|55.903922|-3.395244||
36321|Hatton Place|55.9376|-3.1888||
12757|Hawes Inn|55.990346|-3.385002||
30239|Hawes Inn|55.9903926|-3.3848638|12757|
29816|Hawkhill|55.9636|-3.1587||
1587|Hawthornden Castle|55.8610314|-3.1419795||
36584|Hawthornvale|55.9788|-3.1905||
686|Haymarket|55.9443862|-3.2187438||
4167|Haymarket|55.9462|-3.2172|686|
255|Heart of Midlothian|55.9495655|-3.1914772||
20549|Henderson Row|55.9602|-3.2037||
35440|Henderson Row|55.96006|-3.203199|20549|
35831|Henderson Street|55.9725|-3.1729||
538|Heriot Row|55.9553|-3.2023||
35366|Heriot-Watt University|55.911362|-3.325357||
35934|Heriot-Watt University|55.911655|-3.323128|35366|
36075|Heriot-Watt University|55.910854|-3.32246|35366|
12364|Hermiston|55.9181217|-3.3189497||
5195|Hermitage of Braid|55.9193911|-3.1912338||
4052|High Park|55.9588126|-3.3282508||
1608|High Riggs|55.945334|-3.202102||
13154|High Riggs|55.9454|-3.2023|1608|
34637|High School Yards|55.9488|-3.1844||
205|High Street|55.9501|-3.1882||
8740|Hill Place|55.9463|-3.1842||
20280|Hill Station|55.9224536|-3.2108475||
2252|Hill Street|55.9534|-3.2024||
12123|Hillend|55.883005|-3.208168||
30380|Hillend|55.886435|-3.198346|12123|
8155|Hilltown|55.9197454|-3.1040176||
14134|Holly Lodge|55.977674|-3.202945||
35258|Holy Corner|55.9343829|-3.2100034||
185|Holyrood|55.9498473|-3.183502||
3002|Holyrood Abbey|55.953122|-3.171594||
30892|Holyrood Abbey Church|55.9570229|-3.1641712|3002|Holyrood Abbey
3605|Holyrood Chapel|55.948675|-3.191156||
207|Holyrood Palace|55.952512|-3.173385||
35590|Holyrood Park|55.9430696|-3.1767594||
35600|Holyrood Park Road|55.9401|-3.1732||
35534|Holyrood Road|55.9499|-3.1791||
9528|Home Farm|55.981179|-3.330502||
22272|Home Farm|55.96016|-3.319737||
37848|Home Farm|55.916082|-3.046077||
36092|Home Street|55.9435|-3.2038||
36340|Hope Park Terrace|55.9407|-3.1818||
7003|Hope Street|55.9507|-3.2082||
36085|Hope Terrace|55.9333|-3.197||
29841|Hopetoun House|55.9960722|-3.4619186||
5777|Horse Wynd|55.9522|-3.1739||
8661|Horse Wynd|55.948336|-3.189064|5777|
19108|House O' Muir|55.850895|-3.229454||
10432|House of Dean|55.952941|-3.223478||
35529|Houston|55.992928|-2.706928||
24243|Howden Street|55.9443|-3.1824||
27396|Howe Street|55.9564|-3.2023||
8729|Hunter Square|55.9497|-3.1876||
1645|Hunter's Bog|55.9478369|-3.1654679||
13550|Hunter's Close|55.9476|-3.1945||
12202|Hunter's Tryst|55.9022196|-3.2209447||
21517|Hunter's Tryst|55.902261|-3.220874|12202|
24336|Huntly House|55.951333|-3.179627||
8591|Huntly Street|55.9626|-3.1995||
34367|Huntly Street|55.9626|-3.1994||
19857|Imperial House|55.978852|-3.167292||
6049|Inch House|55.924991|-3.158966||
24181|Inchgarvie|56.0013466|-3.3876863||
24182|Inchmickery|56.010408|-3.272589||
12362|India Place|55.9566|-3.2089||
17885|India Place|55.9572|-3.2074|12362|
17292|India Street|55.9559|-3.2059||
8802|Industrial School|55.960643|-3.179991||
8717|Infirmary Street|55.9482|-3.1853||
1977|Innerwick|55.952674|-2.440967||
6118|Inveresk|55.935359|-3.032894||
35980|Inveresk House|55.937382|-3.049693||
11864|Inverleith|55.9661275|-3.214736||
23829|Inverleith Park|55.9626177|-3.211561||
36115|Inverleith Place|55.9665|-3.2143||
8589|Inverleith Row|55.9669|-3.2049||
23245|Inverleith Row|55.9628|-3.1998|8589|
22480|Inverleith Terrace|55.96307|-3.207778||
35883|Iona Bar|55.963227|-3.1710142||
35882|Iona Street|55.9637|-3.1757||
2929|Ivy Cottage|55.932513|-3.655836||
1258|Jamaica Street|55.956|-3.2026||
23985|Jeanie Dean's Cottage|55.942591|-3.175311||
8532|Jeffrey Street|55.950606|-3.186572||
36240|Jeffrey Street|55.9513|-3.186|8532|
35120|Jenners|55.9526388|-3.1941058||
4738|Jock's Lodge|55.9551513|-3.1497023||
36131|Johnston Terrace|55.9481|-3.1978||
17878|Joppa|55.9484448|-3.0895401||
8640|Juniper Green|55.9030198|-3.2730931||
25659|Kaimes|55.8994431|-3.1637873||
35351|Kay's Bar|55.955739|-3.205059||
8921|Keir Street|55.9454|-3.1975||
1565|King's Hill|55.8597891|-3.2656503||
40564|King's Park|55.9430696|-3.1767594|35590|Holyrood Park
13483|King's Stables|55.946965|-3.200712||
14128|King's Stables|55.947146|-3.200557|13483|
36061|King's Stables Road|55.9478|-3.2024||
18390|King's Theatre|55.9420139|-3.2032204||
12251|Kingsburgh House|55.9457951|-3.2413268||
13698|Kinloch's Close|55.950331|-3.187204||
12502|Kirk Brae|55.9165|-3.1636||
4106|Kirk Loan|55.942286|-3.281166||
1156|Kirkgate|55.895221|-3.307136||
11466|Kirkgate|55.913|-3.1609|1156|
13518|Kirkgate|55.9129|-3.1614|1156|
4040|Kirklands|55.9337|-3.2876||
2109|Kirkliston|55.9557628|-3.4019771||
8498|Kirkliston|55.954176|-3.402737|2109|
12773|Kirknewton|55.8893833|-3.4216614||
32242|Kirktoun|55.996022|-3.47432||
16089|Knowes|55.989616|-2.619474||
30855|Knox House|55.953464|-2.770139||
6989|Lady Stair's Close|55.9499|-3.1938||
33336|Lanark Road|55.9054|-3.2791||
23444|Lansdowne Crescent|55.9474|-3.2182||
26262|Lansdowne Crescent|55.947628|-3.218347|23444|
35913|Largo Place|55.9747|-3.1807||
1502|Lasswade|55.88295|-3.118962||
3006|Lasswade|55.8834098|-3.1141952|1502|
35576|Last Drop|55.94784|-3.1953147|35362|The Last Drop
8722|Lauder Road|55.9346|-3.1867||
8671|Lauriston Place|55.9453|-3.191||
14933|Lauriston Place|55.9449|-3.1975|8671|
1077|Lawnmarket|55.9493|-3.1936||
36196|Learmonth Terrace|55.9554|-3.2188||
212|Leith|55.9757865|-3.1680197||
2240|Leith Docks|55.978479|-3.167761||
12137|Leith Docks|55.975912|-3.171322|2240|
23181|Leith Fort|55.977431|-3.184412||
956|Leith Street|55.9549|-3.1869||
8749|Leith Street|55.9548|-3.1871||
8799|Leith Street|55.954378|-3.186847|956|
35826|Leith Victoria Boxing Club|55.970744|-3.169547||
691|Leith Walk|55.9618|-3.1804||
1615|Leith Walk|55.9705|-3.1719|691|
2250|Leith Walk|55.9602|-3.1824|691|
2305|Leith Walk|55.961534|-3.180819|691|
2844|Leith Walk|55.9586|-3.1836|691|
8715|Leith Walk|55.9671|-3.1748|691|
9535|Leith Walk|55.9601|-3.1822|691|
20558|Lennox Street|55.9558|-3.214||
36100|Leslie Place|55.958|-3.2105||
33469|Leven Lodge|55.953591|-3.109244||
21285|Levenhall|55.9457745|-3.025594||
40647|Libberton|55.9130118|-3.1662543|2900|Liberton
2900|Liberton|55.9130118|-3.1662543||
7128|Liberton Brae|55.9157|-3.1666||
7140|Liberton Road|55.9205|-3.1675||
38165|Limefield|55.9042|-3.1308||
258|Linlithgow|55.97748|-3.585477||
1145|Linlithgow|55.976671|-3.585444|258|
1752|Linlithgow|55.975533|-3.603987|258|
8384|Linlithgow|55.976389|-3.607228|258|
16919|Linlithgow|55.975112|-3.636021|258|
1861|Linlithgow Palace|55.97801|-3.60143||
2998|Linlithgow Palace|55.978079|-3.600952|1861|
1102|Little France|55.9176624|-3.1333676||
27370|Little House|55.963513|-3.203787|38901|The Little House
6254|Little King Street|55.955082|-3.18831||
16195|Little Vantage|55.852843|-3.431512||
35731|Livingstone Place|55.9387|-3.1868||
10645|Loanhead|55.8792324|-3.1477199||
3963|Lochend|55.9621503|-3.157605||
8632|Lochend Close|55.95196|-3.177949||
34469|Lochend Close|55.9525|-3.1783|8632|
16153|Lochend Loch|55.961353|-3.1616437||
22378|Logan Burn|55.838618|-3.315679||
4451|London Road|55.955261|-3.150517||
6641|London Road|55.957233|-3.177725|4451|
8742|London Road|55.956|-3.1595|4451|
35927|London Road|55.9575|-3.1708|4451|
1636|London Street|55.959|-3.1924||
17131|Longniddry|55.975281|-2.892482||
7281|Longstone|55.9240629|-3.2620446||
3314|Lord Nelson|55.9738045|-3.1858283||
36516|Lorne Street|55.9662|-3.1734||
1454|Lothian Road|55.9476|-3.2062||
1661|Lothian Road|55.9475|-3.2061|1454|
8602|Luckenbooths|55.949755|-3.191029||
3937|Lugton|55.896145|-3.081218||
10643|Lugton|55.897625|-3.077469|3937|
36136|Mad Hatter|55.9464428|-3.2144326||
35861|Madeira Street|55.9759|-3.1823||
16538|Magdalen Asylum|55.938914|-3.22715||
13530|Magdalen Chapel|55.947934|-3.192511||
23172|Magdalene Asylum|55.951644|-3.180902|16538|Magdalen Asylum
8734|Maitland Street|55.9437|-3.0704||
36281|Malt House|55.9483094|-3.2101498||
23313|Malt Shovel|55.9506712|-3.1905806||
7260|Manor Place|55.949|-3.2158||
18165|Maple Leaf|55.9650706|-3.1794356||
11604|Marchmont|55.9357079|-3.1994664||
23585|Marchmont Road|55.9376|-3.1947||
33186|Marchmont Street|55.9383|-3.2006||
31824|Marine Hotel|56.03718|-2.822522||
537|Market Street|55.942721|-3.066249||
957|Market Street|55.9427|-3.0619|537|
8726|Market Street|55.9508|-3.1915|537|
27332|Market Street|55.936363|-3.074078|537|
5218|Marlborough Street|55.9529|-3.1104||
8685|Marshall Street|55.9458|-3.1866||
36535|Martello Court|55.9722644|-3.263006||
3664|Martyrs' Monument|55.9475111|-3.1927863||
35491|Mary Erskine School|55.952913|-3.253106||
36789|Maryfield|55.9582|-3.1709||
36143|Masson Hall|55.932056|-3.183299||
35346|Maxwell Street|55.9261|-3.2121||
4562|Maybury|55.9418558|-3.3195986||
8496|Mayfield|55.9342921|-3.1739627||
8769|Mayfield|55.87465|-3.0376966|8496|
31245|Mayfield Terrace|55.9349|-3.172||
35610|Meadowbank|55.9551|-3.1564||
1553|Melville Castle|55.890998|-3.104324||
5170|Melville Castle|55.894469|-3.091917|1553|
13446|Melville Castle|55.89108|-3.109219|1553|
14583|Melville Castle|55.889252|-3.109614|1553|
19947|Melville Castle|55.889281|-3.109471|1553|
20177|Melville Castle|55.895774|-3.097727|1553|
26100|Melville Castle|55.890201|-3.106028|1553|
33325|Melville Castle|55.886964|-3.102242|1553|
37488|Melville Castle|55.890385|-3.111597|1553|
40529|Melville Castle|55.891485|-3.111085|1553|
36324|Melville Drive|55.9402|-3.1935||
3984|Melville Street|55.95|-3.2131||
13442|Melville's Monument|55.9542388|-3.1931767||
18000|Merchant Street|55.9478|-3.1914||
1359|Merchiston|55.9358753|-3.2171502||
18144|Merchiston Castle School|55.909537|-3.250746||
35799|Merchiston Castle School|55.913093|-3.245581|18144|
35282|Merchiston Crescent|55.9345|-3.2155||
17937|Meuse Lane|55.9531|-3.1926||
37442|Middleton|55.8113772|-3.0195169||
40160|Midhope|55.991695|-3.482973||
5361|Midlothian|55.833333|-3.083333||
20794|Millburn Tower|55.931191|-3.328115||
17877|Millerhill|55.9130131|-3.0851504||
21966|Millhill|55.9455|-3.0441||
13710|Milton House|55.951635|-3.177202||
36561|Minto Hotel|55.9352622|-3.1753675||
16328|Minto House|55.947794|-3.189368||
8770|Minto Street|55.9343|-3.1747||
8830|Minto Street|55.9365|-3.177|8770|
19049|Mission Hall|55.95085|-3.18549||
32207|Mission Hall|55.972276|-3.175698||
3938|Mission School|55.943014|-3.181856||
17882|Mitchell Street|55.9741|-3.1659||
35013|Monktonhall|55.93035|-3.060899||
219|Mons Meg|55.9487741|-3.2001579||
31922|Montague House|55.944413|-3.049195||
12366|Montgomery Street|55.9594|-3.1774||
23972|Montpelier Terrace|55.9382|-3.2127||
3725|Moorfoot|55.758855|-3.119389||
1444|Moray House|55.9497277|-3.179842||
539|Moray Place|55.9541541|-3.2090472||
11452|Moredun|55.9136071|-3.1420507||
217|Morningside|55.9274145|-3.2106492||
35790|Morningside Drive|55.9229|-3.2165||
33466|Morningside House|55.928636|-3.209748||
17180|Morningside Road|55.9252|-3.2095||
18560|Morningside Road|55.9294|-3.2098|17180|
35564|Morningside Road|55.9297|-3.2097|17180|
13695|Morocco Land|55.950848|-3.183376||
3982|Morrison Street|55.9462|-3.2155||
36201|Morrison Street|55.9458|-3.2099|3982|
8244|Morrison's Close|55.950427|-3.186566||
2007|Morrison's Haven|55.952803|-3.004676||
18336|Mortonhall|55.9001013|-3.1686809||
35519|Mortonhall Crematorium|55.9015578|-3.1703873||
6724|Moss Cottage|55.95355|-3.109884||
547|Muirend|55.9217611|-3.4451248||
36351|Muirfield Golf Course|56.041279|-2.820972||
9847|Muirhouse|55.9667115|-3.2528178||
37222|Muirton|56.015931|-2.766698||
3663|Municipal Buildings|55.892902|-3.071869||
12359|Murrayfield|55.9458235|-3.2474685||
35417|Murrayfield Ice Rink|55.9433407|-3.244256||
35939|Murrayfield Stadium|55.941039|-3.2411512||
26300|Museum of Scotland|55.946885|-3.190493||
184|Musselburgh|55.9421202|-3.0538516||
1108|Musselburgh|55.942872|-3.048641|184|
19660|Mussleburgh|55.942949|-3.061676|184|
36056|Myreside|55.983485|-2.543825||
35585|Napier Road|55.9338|-3.2176||
35313|Napier University|55.924063|-3.288502||
36008|National Library of Scotland|55.948605|-3.191907||
36154|National Library of Scotland|55.9362567|-3.179789|36008|
37617|National Library of Scotland|55.936473|-3.179896|36008|
3567|National Monument|55.9549011|-3.1820043||
193|Nelson Monument|55.9544051|-3.1827724||
18512|Nelson Street|55.9574|-3.1962||
4189|Nether Bow|55.950621|-3.184278|5656|Netherbow Port
8963|Nether Bow Port|55.950621|-3.184278|5656|Netherbow Port
3728|Nether Hill|55.9425607|-3.1620707||
23584|Nether Liberton|55.9239962|-3.1647269||
3583|Netherbow|55.950621|-3.184278|5656|Netherbow Port
5656|Netherbow Port|55.950621|-3.184278||
25819|New Cemetery|55.891456|-3.07693||
24074|New Register House|55.954193|-3.190189||
8712|New Street|55.9451|-3.0599||
13697|New Street|55.9519|-3.1827|8712|
18436|New Theatre Royal|55.956106|-3.187445||
210|New Town|55.9583198|-3.1992422||
2008|Newbattle Abbey|55.880379|-3.070581||
5169|Newbattle Abbey|55.880649|-3.070524|2008|
19939|Newbattle Abbey|55.881464|-3.070819|2008|
28536|Newbattle Abbey|55.880246|-3.070354|2008|
30466|Newbattle Abbey|55.881295|-3.070622|2008|
31354|Newbattle Abbey|55.884682|-3.069644|2008|
13479|Newbigging|55.9407|-3.0481||
17448|Newbigging|55.9393|-3.0478|13479|
38012|Newbigging|55.945486|-3.492254|13479|
19636|Newbyth|56.011396|-2.664057||
21893|Newbyth|56.015179|-2.664026|19636|
37646|Newbyth|56.011307|-2.658859|19636|
37949|Newbyth|56.015051|-2.662821|19636|
35030|Newcraighall|55.934426|-3.090032||
15583|Newhailes|55.944661|-3.081785||
17444|Newhailes|55.940733|-3.07993|15583|
1487|Newhaven|55.9804283|-3.1949192||
35838|Newhaven Road|55.9714|-3.1874||
2348|Newington|55.9393149|-3.1808547||
18793|Newington House|55.936364|-3.172529||
2353|Newington Road|55.9382|-3.1787||
3909|Newlands|55.888794|-2.690644||
39346|Newton House|55.9160346|-3.0694367||
35127|Newtongrange|55.867521|-3.033825||
3919|Nicolson Square|55.9459|-3.1863||
8666|Nicolson Square|55.9461|-3.1858|3919|
2888|Nicolson Street|55.9451|-3.1841||
8662|Nicolson Street|55.9467|-3.1857|2888|
1148|Niddrie|55.9313817|-3.1221785||
12752|Niddrie Castle|55.9538653|-3.4506925|15597|Niddry Castle
11175|Niddry|55.9313817|-3.1221785|1148|Niddrie
15597|Niddry Castle|55.955091|-3.440249||
571|Niddry Mains|55.959562|-3.448216||
8719|Niddry Street|55.9495|-3.1868||
35524|Nile Grove|55.9263|-3.2056||
13715|Nisbet of Dirleton's House|55.951975|-3.176892||
35649|Noble Place|55.9691|-3.1609||
1076|Nor Loch|55.950135|-3.200252|1443|Nor' Loch
1443|Nor' Loch|55.950135|-3.200252||
36806|North Bank Street|55.95|-3.1939||
12099|North Berwick Law|56.045887|-2.715923||
26835|North Berwick Law|56.048818|-2.713954|12099|
227|North Bridge|55.9518|-3.1883||
12494|North Bridge Street|55.901957|-3.643336||
35352|North British Distillery|55.9407031|-3.2364298||
7258|North Castle Street|55.9532|-3.2039||
16162|North Charlotte Street|55.953|-3.2073||
1501|North Leith|55.97757|-3.185795||
1628|North Loch|55.950135|-3.200252|1443|Nor' Loch
8959|North Queensferry|56.0100806|-3.3942239||
34358|North Richmond Street|55.9471|-3.183||
26271|North Side|55.950802|-3.20714||
37124|North St David Street|55.955|-3.1946||
36158|North West Circus Place|55.9572|-3.2065||
35461|Northern Lighthouse Board|55.952611|-3.201319||
35645|Northfield Broadway|55.9516|-3.1369||
6775|Northumberland Street|55.9568|-3.1994||
34153|Oak Lodge|55.936505|-3.046115||
35046|Ocean Drive|55.9803|-3.1746||
6213|Old Bank|55.957363|-2.775982||
29015|Old Bell|55.9349346|-3.1790559||
7211|Old Bridge|55.941361|-3.057245||
13791|Old Broughton|55.9581|-3.1919||
35606|Old Dalkeith Road|55.9188|-3.1362||
10563|Old Manse|55.825312|-3.009432||
20653|Old Manse|55.934449|-3.50643||
12121|Old Pentland|55.884448|-3.180715||
16027|Old Playhouse Close|55.950862|-3.181887||
13656|Old Stamp Office Close|55.950134|-3.188959||
1450|Old Tolbooth|55.949616|-3.191541|949|Tolbooth
90|Old Town|55.9471293|-3.2002511||
8687|Ormiston|55.883972|-3.441387||
37894|Ormiston Hall|55.89431|-2.940288||
35580|Oswald Road|55.9282|-3.1935||
37850|Outerston|55.807073|-3.062537||
37888|Oxenfoord|55.89415|-2.963375||
29837|Oxenfoord Castle|55.87975|-2.982264||
35314|Oxford Bar|55.9529618|-3.2047389||
36350|Oxford Bar|55.952983|-3.204677|35314|
35383|Oxgangs|55.9053365|-3.2282986||
7905|Palace of Holyrood House|55.9528587|-3.1703442||
7449|Palace Yard|55.948107|-3.199738||
6246|Palmerston Place|55.9483|-3.217||
36050|Palmerston Place|55.9492|-3.2183|6246|
13718|Panmure House|55.952243|-3.178438||
27336|Park Avenue|55.9463|-3.1172||
28010|Park Crescent|55.9133|-3.1579||
20391|Park Gardens|55.9372|-3.0211||
5107|Park Road|55.9785|-3.1963||
6255|Park Terrace|55.9341|-3.0886||
1461|Parliament Hall|55.948839|-3.190969||
3320|Parliament Square|55.9495|-3.1902||
7418|Parliament Square|55.949127|-3.19085|3320|
1639|Paul's Work|55.952685|-3.185354||
20608|Peacock Inn|55.9805956|-3.1934566||
36514|Pear Tree|55.944428|-3.185294||
35633|Pencaitland|55.910736|-2.891878||
39842|Pencaitland|55.916651|-2.886494|35633|
12129|Penicuik|55.8274348|-3.2212058||
40096|Penicuik House|55.8209279|-3.2509601||
36553|Pennywell Road|55.9712|-3.2514||
37892|Penston|55.937892|-2.881536||
1549|Pentland|55.882923|-3.177727||
3731|Pentland|55.872455|-3.184187|1549|
24641|Phantassie|55.988037|-2.648669||
30593|Phantassie|55.986965|-2.647514|24641|
2176|Physic Garden|55.951584|-3.187722||
13874|Physicians' Hall|55.953484|-3.195628||
13794|Picardy Place|55.9569412|-3.1875252||
17972|Picardy Place|55.9569|-3.1868|13794|
26839|Piershill Barracks|55.956284|-3.146864||
35642|Piershill Cemetery|55.955635|-3.139365||
8674|Pilrig|55.9680589|-3.1817222||
8755|Pilrig Street|55.9657|-3.1805||
16154|Pilrig Street|55.9684|-3.1838|8755|
35836|Pilton|55.9709468|-3.2462305||
2114|Pinkie House|55.943492|-3.044447||
8146|Pinkie House|55.94247|-3.044147|2114|
11375|Pinkie House|55.943695|-3.0449|2114|
12019|Pinkie House|55.941674|-3.041564|2114|
12361|Pitt Street|55.9734|-3.1855||
35007|Pizza Express|55.9487619|-3.1925575||
13699|Playhouse Close|55.950843|-3.181999||
3870|Pleasance|55.9482|-3.1821||
3943|Pleasance|55.9457|-3.1815|3870|
35595|Pollock Halls|55.9403255|-3.1714042||
24085|Polton|55.870519|-3.1294307||
25682|Polton House|55.874034|-3.121167||
11253|Polwarth|55.931354|-3.2279834||
35448|Polwarth Terrace|55.9313|-3.2256||
1610|Ponton Street|55.9437|-3.2059||
25499|Port Edgar|55.9950452|-3.4110345||
35817|Port Hamilton|55.9442|-3.2084||
1123|Port of Leith|55.9793856|-3.1695676||
22268|Port Seton|55.967926|-2.947296||
34929|Port Seton|55.967184|-2.953815|22268|
1200|Portobello|55.9528635|-3.1145573||
35608|Portobello High Street|55.9516|-3.1096||
19079|Portobello Road|55.954928|-3.147737||
35093|Portobello Road|55.955|-3.1492|19079|
35227|Portobello Road|55.9568|-3.1305|19079|
35609|Portobello Road|55.954867|-3.147559|19079|
35579|Porty|55.9528635|-3.1145573|1200|Portobello
1092|Potterrow|55.9461|-3.189||
8660|Potterrow|55.9466|-3.1877|1092|
8764|Potterrow|55.9458|-3.1871|1092|
24441|Preston Grange|55.949722|-2.995244||
32429|Preston Tower|55.955708|-2.978101||
11752|Prestonfield|55.9396173|-3.1630777||
9236|Prestonfield House|55.937303|-3.158726||
35523|Prestonfield House|55.9366417|-3.157087|9236|
36220|Prestonfield House|55.936553|-3.157263|9236|
1199|Prestonpans|55.955002|-2.994515||
228|Prince's Gardens|55.9497435|-3.2019502|2897|Princes Street Gardens
187|Prince's Street|55.9526|-3.193|2898|Princes Street
556|Prince's Street|55.9511|-3.2014|2898|Princes Street
7977|Prince's Street|55.9518|-3.1985|2898|Princes Street
194|Prince's Street Gardens|55.9497435|-3.2019502|2897|Princes Street Gardens
528|Princes Street|55.9511|-3.2014|2898|
567|Princes Street|55.9518|-3.1985|2898|
2898|Princes Street|55.9526|-3.193||
2897|Princes Street Gardens|55.9497435|-3.2019502||
4000|Princes Street Station|55.949337|-3.208071||
16930|Quality Street|55.9643|-3.2743||
40462|Quality Street|55.9639|-3.2737|16930|
20733|Quarry Bank|55.9157|-3.2948||
35832|Queen Charlotte Street|55.9734|-3.1667||
36517|Queen Charlotte Street|55.9739|-3.1688|35832|
17731|Queen Margaret College|55.969425|-3.167392||
36266|Queen Margaret University|55.9299869|-3.0772678||
6301|Queen Mary's Room|55.948067|-3.19924||
552|Queen Street|55.9546|-3.2002||
765|Queen's Arms|55.9536518|-3.2005421||
35556|Queen's Crescent|55.9341|-3.1699||
3004|Queen's Drive|55.9515|-3.1664||
13443|Queen's Gardens|55.9595|-3.2473||
34792|Queen's Hall|55.941137|-3.181799|36093|
5559|Queen's Road|55.9589|-3.248||
1169|Queen's Theatre|55.955951|-3.187664||
7455|Queensberry House|55.9521569|-3.1757733||
12365|Queensferry Road|55.9619|-3.2836||
20775|Queensferry Road|55.962|-3.2828|12365|
26281|Queensferry Road|55.9547|-3.229|12365|
38052|Queensferry Road|55.9567|-3.2452|12365|
38938|Queensferry Road|55.9552|-3.2382|12365|
1673|Queensferry Street|55.9514|-3.211||
12097|Queensferry Street|55.952|-3.2129|1673|
12068|Raeburn Place|55.9591|-3.2125||
13584|Ramsay Garden|55.9493|-3.1964||
17938|Ramsay Garden|55.949251|-3.196619|13584|
1618|Ramsay House|55.956542|-3.239913||
1663|Ramsay House|55.976952|-3.192122|1618|
6991|Ramsay Lane|55.9493|-3.196||
24053|Ramsay Place|55.9541|-3.1144||
1662|Randolph Crescent|55.951934|-3.211707||
12352|Randolph Crescent|55.9523|-3.2118|1662|
3955|Rankeillor Street|55.9426|-3.1809||
8512|Ratho|55.9214987|-3.383414||
13562|Ratho|55.923548|-3.377625|8512|
8194|Ravelston|55.9519283|-3.2469759||
35041|Ravelston Dykes|55.9508|-3.2438||
36354|Ravelston Dykes|55.9523|-3.2321|35041|
35179|Ravenswood Avenue|55.9205|-3.1521||
30280|Red House|55.943752|-3.050826||
30465|Red House|56.045672|-2.782281|30280|
13347|Redcliff|55.957401|-2.634303||
5726|Redford|55.9082164|-3.2464447||
35178|Redgauntlet Terrace|55.9189|-3.1531||
24689|Redheugh|55.852282|-3.069521||
37946|Redheugh|55.852376|-3.069028|24689|
6999|Regent Road|55.9536|-3.1787||
31965|Regent Road|55.9538|-3.1838|6999|
33273|Regent Road|55.9539|-3.1776|6999|
443|Regent Street|55.9533|-3.1115||
4737|Regent Terrace|55.9546|-3.1766||
1498|Register House|55.953707|-3.189293|13838|General Register House
13714|Reid's Close|55.9514|-3.1761||
7657|Rest and Be Thankful|55.9477108|-3.2639521||
2112|Restalrig|55.9613749|-3.1476473||
6420|Riding School|55.944614|-3.183666||
12075|River Almond|55.9782353|-3.301899||
34400|Robert Burns|55.9753781|-3.1668075||
13614|Robert Gourlay's House|55.949196|-3.193094||
13732|Robertson's Close|55.9485|-3.186||
12041|Rock Garden|55.9640301|-3.2055016||
3008|Rockville|56.016483|-2.72457||
13611|Roman Eagle Hall|55.94906|-3.19317||
1486|Romanes and Paterson|55.952661|-3.195219||
31568|Rose Cottage|55.906813|-3.257905||
35357|Roseburn|55.9454839|-3.2363963||
35857|Roseburn Bar|55.9453919|-3.2338736||
13539|Roseburn House|55.9432078|-3.2383731||
20221|Rosedale House|55.844011|-3.140984|13539|
34184|Rosehall|55.954074|-2.787415||
35016|Rosewell|55.8509483|-3.1359243||
1166|Roslin|55.8573318|-3.1674351||
2212|Roslin|55.863625|-3.167939|1166|
10646|Roslin|55.854994|-3.168479|1166|
1567|Roslin Castle|55.851836|-3.160334|6310|Rosslyn Castle
12722|Roslin Castle|55.852585|-3.160021|6310|Rosslyn Castle
1547|Roslin Chapel|55.855372|-3.15988|3613|Rosslyn Chapel
36533|Rossie Place|55.9588|-3.1695||
6310|Rosslyn Castle|55.8525274|-3.1599823||
3613|Rosslyn Chapel|55.8554078|-3.160139||
33204|Rothesay Terrace|55.950489|-3.217972||
38295|Row of Cottages|55.974774|-2.894201||
23261|Rowan Cottage|55.986696|-2.745891||
18005|Roxburgh Place|55.9473|-3.1842||
13527|Roxburgh Street|55.9476|-3.1833||
13649|Roxburgh's Close|55.949843|-3.191192||
35478|Roxburghe Hotel|55.997979|-2.505694||
28260|Royal Blind Asylum and School|55.932253|-3.179608||
36313|Royal British Hotel|55.9532042|-3.1908905||
7906|Royal Circus|55.9565|-3.2041||
5185|Royal College of Physicians|55.954896|-3.196473|18494|Royal College of Physicians of Edinburgh
18494|Royal College of Physicians of Edinburgh|55.9550344|-3.1965114||
35839|Royal Commonwealth Pool|55.9384835|-3.1726114||
6739|Royal Crescent|55.9598|-3.1964||
15045|Royal Crescent|55.9597|-3.1969|6739|
35659|Royal Dick|55.9399617|-3.1815162||
35312|Royal Edinburgh Hospital|55.926209|-3.218955||
36180|Royal Edinburgh Hospital|55.92637|-3.218127|35312|
17686|Royal High School|55.963909|-3.2847|26267|
26267|Royal High School|55.953688|-3.181909||
33809|Royal High School|55.954185|-3.178881|26267|
26279|Royal High School of Edinburgh|55.948563|-3.184107|26267|
36205|Royal Hospital for Sick Children|55.938445|-3.188873||
5152|Royal Infirmary of Edinburgh|55.921925|-3.135095||
23758|Royal Mile|55.9503821|-3.1867507||
36236|Royal Museum of Scotland|55.946896|-3.18934||
584|Royal Scottish Academy|55.9518634|-3.1964118||
5188|Royal Society of Edinburgh|55.953386|-3.196522||
8752|Royal Terrace|55.9569|-3.1783||
36498|Royal Yacht Britannia|55.9821718|-3.1772451||
35791|Rudolf Steiner School|55.9315955|-3.2232342||
6179|Rutland Hotel|55.9498559|-3.207907||
5203|Rutland Square|55.948988|-3.2090231||
16323|Rutland Street|55.9495|-3.2081||
40651|Saint Anthony's Chapel|55.950944|-3.161503||
34230|Salamander Street|55.9736|-3.158||
208|Salisbury Crags|55.9458711|-3.1740706||
1445|Salisbury Crags|55.944379|-3.17069|208|
2332|Salisbury Crags|55.946807|-3.170443|208|
35725|Salisbury Place|55.937|-3.18||
35599|Salisbury Road|55.9379|-3.1758||
24439|Saltoun Hall|55.90609|-2.864259||
3951|Samson's Ribs|55.9400959|-3.1641412||
21098|Sandilands|55.888978|-3.483689||
35915|Sandport Place|55.9751|-3.172||
11228|Saughton|55.9297516|-3.2712758||
36116|Saxe Coburg Street|55.9602|-3.2074||
36177|Scald Law|55.8361949|-3.2922154||
19116|School House|55.895338|-3.307924||
4098|Sciennes|55.9377415|-3.1886981||
35653|Sciennes Primary School|55.938366|-3.187782||
35629|Scotch Malt Whisky Society|55.9544971|-3.1995736||
8793|Scotland Street|55.9599|-3.1951||
25220|Scotscraig|55.982864|-2.655058||
36525|Scotsman Hotel|55.9511583|-3.1887156||
204|Scott Monument|55.952389|-3.193253||
4188|Scott's Close|55.948144|-3.190339||
36190|Scottish National Gallery of Modern Art|55.951036|-3.225292||
35794|Scottish National Portrait Gallery|55.955507|-3.193609||
35364|Scottish Office|55.92401|-3.293622||
36414|Scottish Office|55.978405|-3.173641|35364|
2167|Scottish Parliament|55.951976|-3.175371||
35330|Scottish Poetry Library|55.951443|-3.178093||
26843|Scoughall|56.04551|-2.619599||
22259|Seacliff|56.0498|-2.624003||
26844|Seacliff|56.049912|-2.63733|22259|
5741|Seafield|55.9657155|-3.1401622||
26822|Seafield Baths|55.971272|-3.151618||
8150|Seton|55.963502|-2.94187||
13926|Seton House|55.964993|-2.934857||
17395|Seton House|55.965208|-2.934959|13926|
24070|Shandwick Place|55.9501|-3.2078||
24338|Shandwick Place|55.949|-3.2109|24070|
25775|Shandwick Place|55.9497|-3.2091|24070|
37865|Shank|55.839478|-3.066295||
13774|Sheriff Brae|55.9747|-3.1742||
13705|Shoemakers' Land|55.951191|-3.181257||
35707|Sighthill|55.9221602|-3.2890946||
5359|Signet Library|55.949139|-3.191539||
35328|Silverburn|55.8291455|-3.2763982||
35551|Silverknowes|55.9697697|-3.2740918||
5714|Silvermills|55.9593|-3.2041||
3918|Simon Square|55.9449|-3.1827||
3962|Simon Square|55.944811|-3.181911|3918|
8137|Skateraw|55.971939|-2.427744||
6985|Slateford|55.9311484|-3.2398501||
25298|Snawdon|55.899468|-2.67772||
15468|Somerset Place|55.969|-3.1636||
2899|South Bridge|55.9487|-3.1868||
4946|South Clerk Street|55.94|-3.1802||
13762|South College Street|55.947|-3.187||
18816|South Edinburgh|55.9450696|-3.1863598||
8795|South Gray's Close|55.9495|-3.1849||
2023|South Inch|55.884483|-3.619255||
24050|South Leith Parish Church|55.9719688|-3.1728376||
40376|South Oxford Street|55.9392|-3.1768||
35412|South Park|55.9782|-3.1952||
8960|South Queensferry|55.9898274|-3.3972947||
3970|South Side|55.9385275|-3.1736702|25588|Southside
13600|South St David Street|55.953|-3.1936||
23789|Southfield|55.966186|-3.290383||
25588|Southside|55.9385275|-3.1736702||
36497|Spey Lounge|55.9698245|-3.172196||
24082|Spey Street|55.9637|-3.1791||
23805|Spott|55.970375|-2.527732||
35299|Spottiswoode Road|55.9362|-3.1966||
35499|Spottiswoode Street|55.9374|-3.1977||
38131|Spring Bank|55.944191|-3.064624||
20097|Spring Gardens|55.955292|-3.166374||
26062|Spring Gardens|55.9558|-3.1682|20097|
37138|Spring Gardens|55.9551|-3.1653|20097|
36312|Springwood Park|55.9143|-3.1602||
35283|Spylaw Road|55.9311|-3.223||
35447|Spylaw Road|55.9327|-3.2187|35283|
8710|St Andrew Square|55.9537787|-3.1937825||
13547|St Andrew's Church|55.97063|-3.169271||
36359|St Andrew's House|55.9534675|-3.1826565||
36342|St Andrews House|55.9534675|-3.1826565|36359|St Andrew's House
13819|St Anthony's Well|55.9505684|-3.1636997||
36110|St Bernard's Crescent|55.9574|-3.2128||
36347|St Bernard's Crescent|55.957527|-3.212187|36110|
13877|St Cecilia's Hall|55.948882|-3.186487||
40263|St Christopher's|55.9606004|-3.13527||
8631|St Cuthbert's|55.9076063|-3.2536486||
13574|St Cuthbert's Church|55.949587|-3.205453||
34402|St Fillans|55.956147|-2.769295||
35811|St George's School for Girls|55.948211|-3.235515||
10663|St Germains|55.957575|-2.918854|18016|
18016|St Germains|55.962048|-2.920257||
27908|St Germains|55.964359|-2.923628|18016|
1902|St Giles|55.9493396|-3.1905294||
2896|St Giles'|55.9493396|-3.1905294|1902|St Giles
13775|St Giles' Street|55.9499|-3.1921||
2110|St Giles's|55.9493396|-3.1905294|1902|St Giles
13552|St John's Church|55.901025|-3.638419||
21935|St John's Church|55.957309|-2.778816||
13608|St John's Close|55.950938|-3.181425||
8664|St John's Hill|55.948765|-3.181871||
13704|St John's Hill|55.9488|-3.1816|8664|
30354|St Laurence|55.954065|-2.798545||
10128|St Leonard's Hill|55.9438|-3.1787||
13728|St Leonard's Lane|55.9431|-3.1783||
35029|St Leonard's Street|55.9423|-3.1791||
26833|St Margaret's|56.003798|-2.538145||
13561|St Margaret's Chapel|55.9487175|-3.2001091||
13712|St Margaret's Convent|55.934604|-3.200441||
8766|St Margaret's Loch|55.9517029|-3.1626167||
13532|St Margaret's Well|55.950912|-3.1684417||
13673|St Mary's Chapel|55.945991|-3.19924||
13517|St Mary's Church|55.948322|-3.199745||
35488|St Mary's Episcopal Cathedral|55.9482954|-3.2165984||
35331|St Mary's Street|55.9499|-3.1837||
24508|St Michael's Church|55.89102|-3.120793||
11387|St Ninian's|56.00005|-2.511141||
13769|St Ninian's Chapel|55.975719|-3.610405||
13770|St Ninian's Row|55.954|-3.1875||
35317|St Stephen Street|55.9583|-3.2058||
35726|St Stephen Street|55.9583|-3.2059|35317|
13790|St Stephen's Church|55.9587|-3.203526||
13724|St Thomas's Hospital|55.952804|-3.175188||
35475|St Vincent Street|55.9578|-3.2031||
202|St. Giles|55.9493396|-3.1905294|1902|St Giles
1087|St. Giles'|55.9493396|-3.1905294|1902|St Giles
3003|St. Giles' Cathedral|55.9493396|-3.1905294|1902|St Giles
191|St. Giles's|55.9493396|-3.1905294|1902|St Giles
4503|St. Giles's Cathedral|55.9493396|-3.1905294|1902|St Giles
21504|Stafford Street|55.9498|-3.2114||
17386|Stanhope Place|55.945|-3.2267||
40438|Stanhope Street|55.9454|-3.2275||
6385|Star and Garter Hotel|55.976629|-3.59634||
7278|Star Hotel|55.898883|-3.699634||
9836|Stenton|55.961825|-2.601426||
8678|Stevenlaw's Close|55.9489|-3.1881||
39960|Stewartfield|55.9701|-3.1877||
37876|Stobhill|55.845885|-3.050579||
526|Stockbridge|55.957963|-3.2094115||
36551|Stockbridge Restaurant|55.9578461|-3.2064233||
36334|Strathearn Place|55.9332|-3.2049||
36335|Strathearn Road|55.9342|-3.1974||
3597|Strichen's Close|55.950159|-3.186398||
36341|Summerhall Square|55.9395|-3.1817||
1596|Sunnyside|55.9608|-3.1702||
6240|Surgeons' Hall|55.946741|-3.184916||
535|Swanston|55.8956657|-3.2181884||
12444|Swanston Cottage|55.89504|-3.221463||
31059|Swanston Cottage|55.895069|-3.221256|12444|
33296|Swanston Cottage|55.894897|-3.221379|12444|
38194|Swanston Farm|55.894585|-3.218442||
36526|Sweet Melindas|55.938243|-3.1924711||
12274|Synod Hall|55.947651|-3.204048||
40387|Tabernacle Church|55.974196|-3.172247||
13313|Tailor's Hall|55.94813|-3.189955||
13943|Tantallon Castle|56.056393|-2.650491||
37748|Tay Street|55.9387|-3.2215||
37846|Temple|55.817754|-3.094587||
30436|Templehall|55.892308|-2.922283||
21283|Teviot Place|55.9456|-3.1901||
13180|Teviotdale House|55.9324305|-3.1819777||
36088|Teviotdale Place|55.9617|-3.2078||
4453|The Auld Hoose|55.9435016|-3.1802683||
19208|The Black Bull|55.9542346|-3.18738||
13078|The Black Bull Inn|55.947356|-3.197521||
31712|The Black Cat|55.9515814|-3.2036294||
34015|The Blackbird|55.941049|-3.20371||
35781|The Braids|55.9145086|-3.195199||
1013|The Causeway|55.9424|-3.1471||
37611|The Cedars|55.9095|-3.2509||
20536|The Circle|55.9147|-3.1102||
9531|The Den|56.029338|-2.687215||
7131|The Doocot|55.966644|-3.251178||
32750|The Drum|55.911338|-3.111653||
37490|The Earl of Marchmont|55.938011|-3.1929572||
36153|The Elephant House|55.947506|-3.1919756||
1214|The George Hotel|55.9538896|-3.1964354||
24153|The Goth|55.898713|-3.702202||
12084|The Grange|55.9312143|-3.1922355||
2937|The Grosvenor|55.949853|-3.2092931||
9466|The Grove|55.9408|-3.0396||
25618|The Gullets|55.9906172|-3.4649891||
18928|The Gunner|55.9722589|-3.2532136||
12239|The Hebrides|55.9508683|-3.1907539||
23827|The Honours|55.9535369|-3.2044244||
17987|The Hopes|55.863111|-2.688079||
35614|The Inch|55.9233152|-3.1561354||
37257|The Jewel|55.9394|-3.1088||
28578|The Keep|55.845015|-3.202533||
35362|The Last Drop|55.94784|-3.1953147||
37756|The Lea|56.033908|-2.834841||
4526|The Lindens|55.93041|-3.506769||
38901|The Little House|55.963513|-3.203787||
33720|The Lochs|56.002428|-2.62829||
29845|The Magnum|55.9567567|-3.1931081||
20756|The Manor House|55.935779|-3.044847||
8692|The Meadows|55.9453058|-3.1909968||
17302|The Montague|55.9421135|-3.1791779||
1440|The Mound|55.9518983|-3.1974195||
9957|The Murrays|55.886178|-2.946247||
24454|The Nungate|56.056149|-2.727979||
16264|The Office|55.962561|-3.1712001||
5362|The Old Tolbooth|55.949616|-3.191541|949|Tolbooth
6650|The Peel|55.978749|-3.598511||
28763|The Phoenix|55.9584981|-3.1902088||
3975|The Pleasance|56.006643|-2.866744||
36093|The Queen's Hall|55.941137|-3.181799||
16409|The Raeburn|55.957839|-3.212814||
36456|The Raj|55.9748068|-3.1719428||
32243|The Roxburghe|55.9515692|-3.2060599||
36098|The Royal Hotel|55.8266108|-3.2210159||
13355|The Salisbury|55.9378284|-3.1769888||
9285|The Shandon|55.9333493|-3.2349297||
25872|The Skerries|55.9460599|-3.2291804||
33471|The Southern|55.9404848|-3.1808313||
38247|The Stables|55.9015077|-3.0608478||
18625|The Tennis Court|55.9425967|-3.1477799||
4616|The Town House|55.9410318|-3.2086108||
12044|The Tron|55.949965|-3.187833||
20597|The Tun|55.950877|-3.177484||
36944|The Unicorn|55.892495|-3.063911||
12442|The Vennel|55.946192|-3.197005||
35361|The White Hart|55.9474941|-3.1967558||
9532|The White House|55.932772|-3.200256||
13738|The Wynd|55.903362|-2.745442||
40562|Theatre Royal|55.95321|-3.188712||
35688|Thistle Hotel|55.9502271|-3.2173097||
8775|Thistle Street|55.9543|-3.1977||
35355|Thornybauk|55.9431|-3.2046||
13681|Todrick's Wynd|55.950252|-3.186064||
949|Tolbooth|55.949616|-3.191541||
13781|Tolbooth Wynd|55.9743|-3.1708||
6309|Tollbooth|55.949616|-3.191541|949|Tolbooth
4190|Tollcross|55.9444904|-3.2035205||
36207|Torness|55.965511|-2.413271||
35586|Towerbank Primary School|55.954432|-3.113657||
7933|Town House|55.9410318|-3.2086108|4616|The Town House
33961|Townhead|55.911672|-2.715478||
17424|Trabroun|55.959044|-2.857174||
20612|Trades Maiden Hospital|55.947348|-3.189034||
10722|Traprain|55.973297|-2.654608||
2352|Traprain Law|55.960291|-2.678782||
4908|Tree of Knowledge|55.9403956|-3.2150761||
7454|Trinity|55.9758345|-3.2053897||
34835|Trinity Cottage|55.971277|-3.20922||
13588|Trinity House|55.9722797|-3.1713852||
28402|Trinity Lodge|55.978731|-3.209677||
1090|Tron|55.949965|-3.187833|12044|The Tron
6987|Tron Church|55.949965|-3.187833|12044|The Tron
8691|Tron Kirk|55.9498788|-3.1875276|12044|The Tron
33302|Turnhouse Hill|55.846432|-3.253191||
36176|Turnhouse Hill|55.8507375|-3.2593799|33302|
13690|Tweeddale House|55.950015|-3.184584||
35391|Tynecastle Stadium|55.9394176|-3.2316182||
1235|Union Bank of Scotland|55.951246|-3.10828||
1724|Union Canal|55.9651|-3.642215||
2772|Union Hotel|55.950142|-3.188159||
20524|United Free Church|55.975653|-3.188989||
15933|University Club|55.95096|-3.204791||
1599|University of Edinburgh|55.942677|-3.188891||
2144|University of Edinburgh|55.94739|-3.181893|1599|
8906|University of Edinburgh|55.94757|-3.181851|1599|
25590|Uphall|55.931863|-3.5030977||
13756|Upper Bow|55.9489|-3.1941||
35572|Upper Gray Street|55.9361|-3.1786||
23759|Usher Hall|55.947444|-3.205066||
7203|Victoria Dock|55.9796581|-3.1745847||
6745|Victoria Street|55.9487|-3.1932||
25441|Waiting Room|55.9253276|-3.2104372||
14470|Walker Street|55.9496|-3.2137||
1576|Wallace's Cave|55.8546891|-3.1540858||
22295|Wallyford|55.941969|-3.007165||
35181|Walter Scott Avenue|55.9218|-3.1541||
35615|Walter Scott Avenue|55.9221|-3.1535||
36314|Walter Scott Monument|55.952389|-3.193253|204|Scott Monument
4501|Warrender Park Terrace|55.9393|-3.1983||
36068|Warrender Park Terrace|55.9394|-3.1978|4501|
35784|Warriston Crematorium|55.9707743|-3.1957168||
253|Water of Leith|55.9794536|-3.1711848||
15012|Water Street|55.9748|-3.1698||
40645|Water-Port|55.952615|-3.174566|40565|Watergate
40565|Watergate|55.952615|-3.174566||
1469|Waterloo Place|55.9536|-3.1874||
1632|Waterloo Place|55.9536|-3.1854|1469|
7002|Waterloo Place|55.9534|-3.1887|1469|
9513|Waterloo Place|55.9539|-3.1858|1469|
2389|Waters' Close|55.9754|-3.1702||
14248|Waughton|56.010896|-2.707256||
35252|Waverley|55.951727|-3.191506|229|Waverley Station
1473|Waverley Bridge|55.9518|-3.1918||
7125|Waverley Bridge|55.951727|-3.191506|1473|
7123|Waverley Market|55.952631|-3.190958||
229|Waverley Station|55.951727|-3.191506||
13662|Weigh House|55.949093|-3.194372||
40644|Weigh-House|55.949048|-3.19439|13662|Weigh House
13753|Weir's Close|55.950823|-3.182158||
23896|Wellington Street|55.9586|-3.1762||
36214|Wemyss Place|55.9543|-3.2057||
35464|West Approach Road|55.9408|-3.2374||
1078|West Bow|55.9482|-3.1945||
1452|West Bow|55.947819|-3.196094|1078|
35914|West Bowling Green Street|55.9726|-3.1828||
36239|West Castle Road|55.9351|-3.2171||
700|West End|55.9528781|-3.2107041||
25567|West Fenton|56.023782|-2.803754||
36084|West Grange House|55.930366|-3.188994||
35840|West Granton Road|55.9765|-3.2452||
7904|West Lothian|55.916667|-3.5||
35138|West Mills|55.950884|-2.78181||
8695|West Nicolson Street|55.9447|-3.185||
215|West Port|55.9464|-3.1999||
1476|West Princes Street Gardens|55.9494719|-3.2039863||
8707|West Register Street|55.9536|-3.1906||
8733|West Richmond Street|55.9457|-3.1831||
40620|West-Port|55.9464|-3.1999|215|West Port
35048|Wester Hailes|55.9138214|-3.2803841||
14451|Western Bank|55.953407|-3.194345||
21581|Westfield|55.975806|-3.434625||
35852|Wheatfield Road|55.9387|-3.2382||
19042|Whinny Hill|55.9509656|-3.1565911||
35935|Whisky Bonds|55.937952|-3.239815||
25912|White Castle|55.908938|-2.619818||
34832|White Cottage|55.979355|-3.214696||
14122|White Hart Inn|55.9474941|-3.1967558|35361|The White Hart
18959|White Hill|55.8919644|-3.256532||
12096|Whitehouse Loan|55.936|-3.2018||
1749|Whitekirk|56.016525|-2.631951||
10886|Whitelaw|55.944881|-2.698078||
5219|William Street|55.9491|-3.2131||
26818|Willow Bank|55.979617|-3.19347||
12760|Winchburgh|55.9594409|-3.4588161||
8658|Windmill Lane|55.9431|-3.1862||
8659|Windmill Street|55.944|-3.1864||
23199|Windsor Place|55.9504|-3.1114||
24312|Windsor Street|55.9586|-3.1819||
37904|Witches Knowe|55.862801|-2.770708||
21491|Woodburn|55.894195|-3.058553||
36296|Woodburn Terrace|55.9275|-3.2041||
17967|Woodhall|55.948267|-2.50756||
27215|Woodhead|55.891844|-2.761562||
13693|World's End Close|55.950357|-3.184482||
1626|Writers' Court|55.949939|-3.190555||
13755|Wrychtishousis|55.939541|-3.206405||
25208|Yester|55.891942|-2.712125||
2321|York Lane|55.957|-3.1896||
3275|York Lodge|55.977335|-3.202646||
8708|York Place|55.9563|-3.1902||
16280|Young Street|55.9529|-3.2055||
